meeting_date,decision_y,inflation_gap,output_next,capacity_constraints,labour_shortage,lagged_rate,n_documents,lm_negative_ratio,lm_positive_ratio,lm_uncertainty_ratio,lm_litigious_ratio,lm_strong_modal_ratio,lm_weak_modal_ratio,lm_constraining_ratio,lm_negative_count,lm_positive_count,lm_uncertainty_count,lm_litigious_count,lm_strong_modal_count,lm_weak_modal_count,lm_constraining_count,topic_inflation_mentions,topic_unemployment_mentions,topic_recession_mentions,topic_lending_mentions,n_sentences,total_tokens,lm_net_sentiment,finbert_net_sentiment,finbert_positive_score,finbert_negative_score,finbert_neutral_score,num_documents,num_sentences_total,lm_sentiment_std,finbert_sentiment_std,decision_ordinal,rate_change_bps
2006-01-25,0.0,-1.5,1.2,0.41,0.33,2.25,2,0.0049365303244005,0.0024682651622002,0.0119887165021156,0.0031206775549695,0.0083042047382514,0.0059943582510578,0.0007052186177715,14,7,34,3,6,17,2,21,3,1,2,93,1625,-0.0024682651622002,0.0076182268425684,0.1521637701642912,0.1445455433217227,0.7032906880779594,2,93,0.9278403717965079,0.30793313810227196,0,0
2006-03-16,0.25,-1.5,1.2,0.41,0.33,2.25,8,0.0090632402938766,0.0078022817143256,0.0143437042392724,0.0019194313341297,0.003828514597584,0.0051679511780557,0.0021001465050074,192,135,300,26,83,110,42,162,29,9,30,720,14309,-0.0012609585795509,0.1189432913272904,0.2719902195527756,0.153046928225485,0.5749628533701439,8,720,1.1361268653626584,1.3491099899097496,1,25
2006-04-26,0.0,-1.7,1.3,0.44,0.39,2.5,7,0.0106627875797251,0.0091738658625628,0.0174020367573974,0.0010332894459075,0.005045537885138,0.0070892400457605,0.0010446964449836,468,334,815,38,224,379,45,534,92,46,42,1921,39052,-0.0014889217171623,0.107984528172412,0.28364474511364,0.175660216941228,0.5406950384508556,7,1921,1.0967982944115888,1.246617253219119,0,0
2006-05-31,0.25,-1.7,1.3,0.44,0.39,2.5,11,0.0084698655387879,0.0078710677758205,0.0130326124528771,0.0018407241688436,0.0053682622034099,0.0059217859786546,0.0005731870912939,449,362,649,51,184,257,55,200,61,27,358,1606,33121,-0.0005987977629673,0.1428346753675578,0.2922388503237779,0.14940417495622,0.5583569820537054,11,1606,1.2503639254807675,1.5725561305924964,1,25
2006-06-29,0.0,-1.7,1.3,0.44,0.39,2.75,5,0.0142785799615994,0.017844252590287,0.0172518426125854,0.0009560039924265,0.0042591065455141,0.0064219927698179,0.0007189270727329,153,140,189,15,57,84,11,152,32,13,34,460,9200,0.0035656726286875,0.0163579414075265,0.3145795616673498,0.2982216202598232,0.3871988185271021,5,460,1.9688251249007298,0.3896720397463653,0,0
2006-08-16,0.25,-1.9,1.4,0.45,0.42,2.75,4,0.00544676282234,0.0042174999524922,0.0280236657500884,0.0006316550431053,0.0044215853017375,0.0208925077363233,0.0004922000202699,305,190,526,25,175,277,29,368,74,21,33,1254,25253,-0.0012292628698477,0.1595573293178495,0.3408753530470059,0.1813180237291563,0.4778066244243153,4,1254,1.1415950607076082,1.7289561315664015,1,25
2006-09-27,0.0,-2.3,1.4,0.45,0.42,3.0,6,0.013840412740185,0.0061816971371652,0.0125093296340808,0.0015049812702852,0.0037524525118201,0.0067368059596311,0.0022226012962498,125,88,172,16,61,92,24,129,41,3,22,506,9929,-0.0076587156030198,-0.0573533841741674,0.2267077712411909,0.2840611554153583,0.4892310745369754,6,506,0.032375427030913,-0.2997192151963757,0,0
2006-11-01,0.25,-1.9,1.3,0.56,0.53,3.0,5,0.0084691055836141,0.0058427320896078,0.0105650402789609,0.000458875156932,0.003318519890317,0.0046117233249378,0.0006364563616841,107,93,138,8,52,68,11,112,33,6,17,459,8656,-0.0026263734940063,0.1151427561445413,0.3523660258363816,0.2372232696918402,0.4104107045983508,5,459,0.9005632654601697,1.3135651710041982,1,25
2006-12-13,0.25,-1.7,1.3,0.56,0.53,3.25,8,0.0164206599454223,0.0112888546186776,0.0142752390412308,0.0008029309241918,0.0041757634199845,0.0069072308907363,0.0009847964689375,869,475,973,78,306,432,102,398,128,69,483,2458,50460,-0.0051318053267446,0.0402677091015043,0.3112799378154615,0.2710122287139571,0.4177078338556491,8,2458,0.46832209423675275,0.6132901150674028,1,25
2007-01-24,0.25,-1.6,1.2,0.57,0.51,3.5,3,0.0056012320737139,0.004177078528254,0.0099727308857807,0.004778972520908,0.0089210609177419,0.002982335398027,0.0038136398059138,16,14,27,4,14,13,4,23,6,0,6,103,2021,-0.0014241535454598,0.188846860529851,0.3176632943359386,0.1288164338060875,0.5535202631361982,3,103,1.107972204644896,2.002888889111884,1,25
2007-03-15,0.25,-1.4,1.2,0.57,0.51,3.75,5,0.0103120016200039,0.0121673871216751,0.0119723834685746,0.0013585125848187,0.0068508816133765,0.0075360630434531,0.0024036644375627,91,93,83,20,38,45,13,55,30,9,18,381,7042,0.0018553855016712,0.0709853658831455,0.2442937866873921,0.1733084208042466,0.5823977917426466,5,381,1.6737636104543792,0.9005795348476269,1,25
2007-04-25,0.0,-1.0,1.2,0.56,0.48,4.0,5,0.0113113479127313,0.0095281175693818,0.013885546123991,0.0024660164799117,0.0052525305921723,0.006240345861546,0.0012642944954589,383,253,544,34,174,275,55,340,100,39,26,1470,28728,-0.0017832303433494,0.0129348453459467,0.246570153738023,0.2336353083920762,0.5197945417403332,5,1470,1.046023691957037,0.35765725136670656,0,0
2007-05-30,0.25,-1.2,1.2,0.56,0.48,4.0,6,0.0095057854036558,0.0120135211791712,0.012338342462479,0.0014582710832337,0.0042422241885132,0.0051301805744638,0.0015204392867773,574,286,552,55,146,223,78,93,37,52,466,1355,28599,0.0025077357755154,0.118891237483239,0.2666339478566269,0.1477427103733878,0.5856233359354801,6,1355,1.786308139796514,1.3486231520379302,1,25
2007-06-27,0.25,-1.2,1.2,0.56,0.48,4.25,2,0.0187964507811315,0.0146139845290459,0.0233543151827696,0.0010806916426512,0.0059836189898377,0.0041976338540876,0.0013157894736842,23,22,33,3,6,9,1,15,8,1,8,96,1768,-0.0041824662520855,0.171409048732167,0.3982602192064635,0.2268511704742964,0.3748886108433197,2,96,0.6321036141156318,1.8398003153575382,1,25
2007-08-15,0.25,-1.1,1.3,0.6,0.51,4.5,2,0.0107681251760017,0.0050693862188923,0.0207922132624879,0.0006611344154659,0.006334312874175,0.0136143840651321,0.0012110428985462,273,168,459,29,151,271,35,332,53,18,29,1173,23079,-0.0056987389571094,0.0164616765234258,0.2732335776378533,0.2567719011144275,0.4699945245311182,2,1173,0.3705137830335713,0.39064223097772754,1,25
2007-09-26,0.25,-0.6,1.3,0.6,0.51,4.75,7,0.0104421674346271,0.0108589151072812,0.0136756933686853,0.0017319191432588,0.0057597395955856,0.0046415762923214,0.0008398110241629,224,183,293,18,97,106,24,162,30,9,129,753,15343,0.000416747672654,0.0712893603182716,0.2552594812241234,0.1839701209058517,0.5607703949870652,7,753,1.4255674743411595,0.9034226678868629,1,25
2007-10-31,0.0,-0.8,1.1,0.62,0.52,5.0,5,0.0143042776611625,0.0112407319184903,0.014149708760454,0.0035243945643519,0.0087310409215047,0.0069500163524021,0.002431573485728,216,111,199,17,73,91,31,79,43,17,143,568,10899,-0.0030635457426722,0.0324481938883255,0.2898475448746942,0.2573993509863686,0.4527531037986537,5,568,0.8251415986957634,0.5401574537929467,0,0
2007-12-12,0.25,-1.0,1.1,0.62,0.52,5.0,7,0.0216730418953002,0.0127446296849148,0.0192286642190023,0.0009018972906588,0.0043927702662511,0.0075182210644346,0.0013468134826497,1018,433,1020,88,274,444,125,357,90,63,617,2515,51240,-0.0089284122103853,-0.142159983444095,0.2298786172882202,0.3720386007323153,0.3980827828104114,7,2515,-0.18667469498587233,-1.0928799328573966,1,25
2008-01-23,0.0,-0.7,0.8,0.58,0.5,5.25,5,0.0052555467027581,0.0057758179101348,0.007509341785956,0.0013977309245933,0.0088933746172944,0.0037169633659885,0.0026956175311868,23,14,29,4,23,12,13,17,3,3,5,150,3191,0.0005202712073767,0.156119654250336,0.2625137763412396,0.1063941220909036,0.6310921119332287,5,150,1.4434275227819193,1.6968049918307317,0,0
2008-03-13,0.0,-0.3,0.8,0.58,0.5,5.25,7,0.022121302528439,0.0132361306717395,0.0093890734464664,0.000784546315148,0.0057215783535565,0.0038417480404284,0.0012135598737265,277,155,170,23,72,78,17,78,23,23,33,584,11359,-0.0088851718566994,-0.0145836472036538,0.2468496614620829,0.2614333086657368,0.4917170295465076,7,584,-0.17921479890046146,0.10028827905218649,0,0
2008-04-23,0.25,-0.3,0.8,0.53,0.46,5.25,7,0.0162657044462537,0.005518701067143,0.018649858861413,0.0006860662065391,0.0034203030427388,0.0094900275388602,0.0018452174075826,533,234,615,38,169,284,53,335,60,31,223,1626,32226,-0.0107470033791107,-0.0578206839468924,0.199122553051086,0.2569432369979785,0.5439342089758228,7,1626,-0.5004209987068153,-0.3040896748809774,1,25
2008-05-28,0.0,-0.2,0.8,0.53,0.46,5.5,8,0.0199950955390217,0.0067760928115294,0.0118572909199574,0.0015863018856282,0.0039432788865053,0.0055138896556761,0.0018314318339129,634,169,441,41,111,163,75,63,14,42,582,1249,25085,-0.0132190027274923,-0.0444717266070367,0.1731947673355822,0.217666493942619,0.6091387351137241,8,1249,-0.9268943433997239,-0.17924244984361215,0,0
2008-06-25,0.25,-0.2,0.8,0.53,0.46,5.5,5,0.0197605096554622,0.0052683128914282,0.0178061995112415,0.0017205082639283,0.0068321139422977,0.0071912003361671,0.0007853403141361,64,23,58,9,13,22,6,22,2,7,12,212,3907,-0.0144921967640339,-0.0977411083535037,0.158190437646427,0.2559315459999308,0.585878017890982,5,212,-1.1465478475814497,-0.6774487382588219,1,25
2008-08-13,0.0,0.4,0.3,0.5,0.38,5.75,5,0.0147875382378744,0.0070683813565021,0.0150741857111455,0.0008181791394082,0.0079379265746239,0.0099603362146131,0.0034549146844222,347,165,492,35,162,285,39,154,43,26,166,1343,26768,-0.0077191568813722,-0.0821270833075881,0.1631733819859376,0.2453004652935258,0.5915261531070677,5,1343,0.02194799946976143,-0.5314172805938628,0,0
2008-09-24,0.0,0.2,0.3,0.5,0.38,5.75,6,0.0152851243811552,0.0042720438286592,0.0119351078319188,0.0013763064791651,0.0042241364677968,0.0073228265947036,0.0024328992942437,169,96,146,32,52,60,37,79,22,31,69,497,9761,-0.0110130805524959,-0.1226113967732035,0.1270559730503694,0.249667369823573,0.6232766515527429,6,497,-0.5463250650466032,-0.9100501629264958,0,0
2008-10-15,-0.5,0.6,-0.3,0.38,0.23,5.75,7,0.0117229332030121,0.0028634227837796,0.010557082946593,0.0,0.0141617523234126,0.0019043032488269,0.0035023300296144,47,6,42,0,23,13,6,19,4,8,28,174,3229,-0.0088595104192324,0.0238286984513293,0.1623329646448115,0.1385042661934822,0.6991627665653232,7,174,-0.1747876460076647,0.45954291146324283,-1,-50
2008-10-29,-0.5,0.6,-0.3,0.38,0.23,5.25,4,0.0176110168293972,0.0032875026701774,0.0080542012854784,0.0003136762860727,0.0104390067686423,0.0015435996458581,0.0016156899849846,74,15,30,3,27,8,9,12,4,9,105,208,3671,-0.0143235141592197,-0.1670662842980606,0.1014255116681338,0.2684917959661945,0.6300826796366304,4,208,-1.1174464504820851,-1.325818166788181,-1,-50
2008-12-17,-1.75,0.2,-0.3,0.38,0.23,4.75,14,0.018524367768776,0.0078943071871185,0.0149415491033098,0.0038441216059657,0.0123840527280007,0.0072775402510949,0.0036100823228047,1349,484,997,116,353,390,179,317,65,225,611,2987,61272,-0.0106300605816574,-0.1107154053018927,0.1383865223195104,0.2491019276214032,0.6125115460507452,14,2987,-0.4802458372528669,-0.7987919210691304,-1,-175
2009-02-04,-0.5,0.2,-0.6,0.24,0.1,3.0,5,0.0161219874822527,0.0014230842238077,0.0087061893878294,0.0044834969126497,0.0038892220059567,0.0040297783927569,0.002022549380855,74,10,49,5,16,20,5,25,8,16,63,215,4046,-0.014698903258445,-0.1866672677207155,0.0993838124008748,0.2860510801215903,0.6145651109868168,5,215,-1.1822091879046026,-1.5091379816635735,-1,-50
2009-03-25,-0.5,0.5,-0.6,0.24,0.1,2.5,7,0.0217652896245416,0.0096364731536782,0.0161895219623897,0.0006908445784772,0.0072410065499718,0.0082741191373205,0.0022016937303134,220,95,136,13,80,55,27,45,16,44,88,546,9848,-0.0121288164708634,-0.1543155579994983,0.1748930276140964,0.3292085856135948,0.495898382057485,7,546,-0.7388136388044098,-1.2065659469287633,-1,-50
2009-05-06,-0.5,0.1,-0.3,0.2,0.09,2.0,8,0.019731288186037,0.0042747556038842,0.0151069523102497,0.0007474764184169,0.0070484691676088,0.0061269695060104,0.0039651090680741,527,147,386,29,207,159,69,212,59,145,199,1321,25671,-0.0154565325821528,-0.2282362582827921,0.1164564568219566,0.3446927151047487,0.538850826932873,8,1321,-1.3129166300123962,-1.8979153960451964,-1,-50
2009-06-17,-0.25,0.3,-0.3,0.2,0.09,1.5,11,0.02677014687997,0.0117452852019703,0.0119501673283174,0.0015327275903951,0.0076346777414281,0.0036252969127606,0.0051128759575584,959,296,528,63,187,197,159,70,31,211,408,1543,31295,-0.0150248616779996,-0.0856442426224585,0.2195868344439045,0.3052310770663631,0.4751820868686016,11,1543,-1.238444064143253,-0.5643118033117425,-1,-25
2009-08-12,0.0,0.0,0.0,0.21,0.1,1.25,6,0.011780362088092,0.0031366706884476,0.0108826513930965,0.0010294039711111,0.0049148147582286,0.0047152955146276,0.0025458550282065,259,86,273,17,105,144,31,127,44,60,139,861,16174,-0.0086436913996443,-0.1188564180043447,0.1204958908055345,0.2393523088098792,0.6401518033560515,6,861,-0.13755419803271288,-0.8749314141410336,0,0
2009-09-23,0.0,-0.1,0.0,0.21,0.1,1.25,5,0.0127593429008749,0.0089050098291195,0.0165664705227253,0.0005758454476842,0.005523709543151,0.0075060239671238,0.0,40,21,49,2,12,27,0,17,9,7,5,164,2930,-0.0038543330717553,0.1018553218200553,0.2908090211080353,0.18895369928798,0.5202372805352823,5,164,0.6887136836173731,1.1892933450447751,0,0
2009-10-28,0.25,-0.1,0.2,0.22,0.1,1.25,12,0.0137129062364608,0.0126487910267084,0.0089008805015976,0.0016598212775004,0.0122417441241406,0.0026516744989531,0.004999169023392,392,159,236,31,116,72,106,86,30,112,218,870,16975,-0.0010641152097524,0.1128240724384794,0.2497467351256906,0.1369226626872112,0.613330602308713,12,870,1.1700866033996242,1.2918794903123525,1,25
2009-12-16,0.25,0.0,0.2,0.22,0.1,1.5,12,0.0195171424306646,0.0137700127614663,0.0156189400124195,0.0034083344552387,0.0078243881708684,0.0068462005042733,0.0033560522442935,1110,458,777,124,325,337,231,196,82,218,405,2183,45313,-0.0057471296691982,0.0817444195389873,0.2910182088285127,0.2092737892895254,0.4997080059053213,12,2183,0.3621653387469281,1.0012044719690822,1,25
2010-02-03,0.0,-0.1,0.3,0.23,0.1,1.75,5,0.013073980100671,0.0074311076095334,0.0110003713072743,0.0017508326191358,0.0061067725738104,0.005482507023702,0.0009130058915356,65,30,61,9,18,24,6,20,8,10,129,264,4700,-0.0056428724911375,0.0601222490250026,0.2112297860788918,0.1511075370538891,0.6376626761013726,5,264,0.38015195652856315,0.7989813380396639,0,0
2010-03-24,0.0,-0.6,0.3,0.23,0.1,1.75,8,0.0132759490573245,0.0078564999813541,0.0111206403035125,0.003531362628728,0.0060873465069061,0.0048966845029107,0.0020433311087145,215,135,127,26,53,60,25,47,33,57,38,555,10957,-0.0054194490759704,0.0278628453812043,0.2199383866465906,0.1920755412653863,0.5879860712100906,8,555,0.41869732718628894,0.49727260351073765,0,0
2010-05-05,0.25,-0.8,0.5,0.23,0.12,1.75,6,0.0181663755593043,0.0075213578840278,0.0170280114913116,0.0012521648889653,0.0055814115871645,0.0097714233383703,0.0010860463845562,336,129,358,27,130,193,22,187,57,92,114,989,20370,-0.0106450176752765,0.0096840236281991,0.2697705502551328,0.2600865266269336,0.470142924680589,6,989,-0.4828262593499838,0.3272536730033064,1,25
2010-06-23,0.0,-0.9,0.5,0.23,0.12,2.0,11,0.0150214539534035,0.0124941145166291,0.0169902248901836,0.0049769613532942,0.006159302814292,0.0082960430749462,0.0050174823536906,717,298,640,123,180,261,238,39,28,112,443,1495,29717,-0.0025273394367744,0.0879461717119165,0.2798464878057473,0.1919003160938307,0.528253198249421,11,1495,0.9176487819486141,1.0592068709165965,0,0
2010-08-11,0.0,-1.2,0.6,0.26,0.16,2.0,6,0.015532951831638,0.0128691270981894,0.0155696408909498,0.0010938518390656,0.0045626750103221,0.0093108453503307,0.0017802392564041,285,75,329,10,83,177,20,130,38,31,76,708,14540,-0.0026638247334486,0.0019577330507864,0.2186903991792244,0.2167326661284381,0.5645769310943586,6,708,0.8941021167716358,0.25499290282747294,0,0
2010-09-22,0.0,-1.2,0.6,0.26,0.16,2.0,8,0.0199984026215712,0.0086413686371709,0.0157570072579466,0.0040346398354121,0.0034352973853627,0.0074983379655604,0.0031043959810977,225,120,180,44,55,68,46,47,18,62,47,548,11181,-0.0113570339844003,-0.0644599037509861,0.183088762486437,0.2475486662374231,0.5693625678329285,8,548,-0.6056644700585458,-0.36618352594748904,0,0
2010-10-27,0.0,-1.6,0.7,0.32,0.2,2.0,9,0.0109779333314319,0.0102537125669077,0.0139113397979771,0.0010038600217089,0.0092720645424741,0.0078277814931863,0.0007285932247812,199,63,99,28,49,48,19,21,10,21,82,411,7995,-0.0007242207645241,0.0576289316373868,0.2294537004454706,0.1718247688080838,0.598721530042539,9,411,1.2287257454341702,0.7756623814308318,0,0
2010-12-15,0.0,-1.5,0.7,0.32,0.2,2.0,12,0.0135570437665548,0.0087567939328006,0.0144345968483022,0.0014661935893686,0.0066334999525978,0.008172317430171,0.0024428675283766,881,377,732,133,298,310,200,252,57,135,351,2210,47007,-0.0048002498337542,0.0521787684685972,0.2265626698331099,0.1743839013645126,0.5990534275569281,12,2210,0.5255225866800438,0.7246892806634284,0,0
2011-01-26,0.0,-1.4,0.8,0.34,0.22,2.0,5,0.0125074297916858,0.0056268570568344,0.0157888732730911,0.0024568446407065,0.0049864041402811,0.0071307813066054,0.000754716981132,25,12,39,3,7,17,1,14,4,0,5,135,2280,-0.0068805727348513,0.059633992897533,0.1673851741764515,0.1077511812789184,0.7248636405139731,5,135,0.16662189916449893,0.7944148823180571,0,0
2011-03-16,0.0,-1.7,0.8,0.34,0.22,2.0,4,0.0132368720094315,0.0141736563614597,0.0255457221775669,0.0010400700678782,0.0035716023508885,0.0159519976288695,0.0013685132472082,149,73,93,19,30,50,25,62,18,32,20,355,6366,0.0009367843520281,0.0838671402334176,0.2740197431046102,0.1901526028711925,0.5358276586880311,4,355,1.515285047349771,1.021057392424357,0,0
2011-05-12,0.25,-1.2,0.9,0.31,0.19,2.0,11,0.0175769200565705,0.0096307735910561,0.0106561570843531,0.0033666399447502,0.0071749151590501,0.0054002453357288,0.0021182742013719,489,231,376,39,147,181,64,208,55,121,127,1293,25650,-0.0079461464655144,0.088359800109919,0.242588958002149,0.1542291578922299,0.6031818814272221,11,1293,-0.017212612454733787,1.0630753646403035,1,25
2011-06-22,0.0,-1.4,0.9,0.31,0.19,2.25,12,0.0159134640395723,0.0132036218721117,0.0185763724165767,0.0025968621768874,0.0053681991569841,0.0096996753664543,0.0039334678085503,599,276,456,52,152,176,157,56,24,83,287,1157,25820,-0.0027098421674605,0.1105658957127518,0.3001188931411258,0.1895529974283739,0.510328102077995,12,1157,0.886163114275503,1.2707597061469398,0,0
2011-08-10,0.0,-1.8,0.8,0.31,0.2,2.25,4,0.0168264587607222,0.0038404794504615,0.0211830125924812,0.0002211997876482,0.0038550326006844,0.0124485688847158,0.0008190036794661,206,75,277,10,67,159,20,150,45,27,78,668,13612,-0.0129859793102607,0.050986263820573,0.2663554478053363,0.2153691839847633,0.5182753701864848,4,668,-0.8866927647853956,0.7135362825408357,0,0
2011-09-21,0.0,-1.7,0.8,0.31,0.2,2.25,9,0.0159350100813005,0.0059274131776301,0.0197103072918375,0.0012194277509752,0.0068189777067582,0.0068563564833215,0.0008484376585832,179,74,223,16,92,73,24,145,40,17,9,587,12207,-0.0100075969036703,-0.0948703330072883,0.138887136316663,0.2337574693239514,0.6273553920446233,9,587,-0.3728573919950617,-0.6505995749454758,0,0
2011-10-19,0.0,-1.2,0.6,0.34,0.23,2.25,5,0.0264577776471952,0.0048522569945232,0.0248047311763724,0.0,0.0026390554493129,0.0121935092414138,0.0002380952380952,70,10,62,0,9,31,1,18,7,2,75,182,3233,-0.0216055206526719,-0.2187990184770842,0.193746346235889,0.4125453647129732,0.393708290500329,5,182,-2.3737500443205053,-1.8096528320292766,0,0
2011-12-14,-0.5,-1.5,0.6,0.34,0.23,2.25,11,0.0213094818812715,0.0081905543446679,0.0186861871808511,0.0042528088278415,0.0072699565060836,0.0072555944674358,0.0065833053265684,810,223,660,85,213,263,177,160,45,100,329,1616,36096,-0.0131189275366035,-0.0873639862936357,0.1745287310471874,0.2618927173408232,0.5635785502305026,11,1616,-0.9096292088409024,-0.580395847904574,-1,-50
2012-03-14,-0.25,-1.2,0.7,0.36,0.26,1.75,7,0.0193478556684948,0.0054511763694801,0.0124585500186258,0.0005629140530643,0.0107334981725531,0.0042428972752101,0.0018740407488988,170,57,96,10,64,37,20,25,6,27,88,359,6458,-0.0138966792990147,-0.1081258719869706,0.1582055049093225,0.2663313768962932,0.5754631151935399,7,359,-1.0438082067736745,-0.7745730970607133,-1,-25
2012-05-10,0.0,-1.0,0.8,0.38,0.26,1.5,12,0.0160419511069047,0.0115950418499981,0.0105473983001314,0.001193306918798,0.0084574531725245,0.0038782216769967,0.0031014820099914,448,165,361,31,128,137,50,181,40,61,115,1002,21229,-0.0044469092569065,-0.0527713739740598,0.147621854689359,0.2003932286634188,0.6519849207883074,12,1002,0.5864814771921372,-0.2568655867059785,0,0
2012-06-20,0.0,-1.2,0.8,0.38,0.26,1.5,7,0.015212944749183,0.0166359423633692,0.0178732649364334,0.002918133360077,0.0056908236078158,0.0096879754723575,0.0052811613303515,494,187,421,41,135,143,130,36,22,38,397,925,21527,0.0014229976141861,0.0975169068040573,0.3176976583778544,0.2201807515737971,0.4621215871948148,7,925,1.5991673494556866,1.148717960614515,0,0
2012-08-29,0.0,-1.2,0.9,0.39,0.27,1.5,6,0.0170874207726297,0.0070639657381172,0.016156024792689,0.0011803817633198,0.0046561339126761,0.005920181221075,0.0006779842574632,256,72,295,15,58,137,19,132,44,28,88,633,13634,-0.0100234550345124,-0.0193053975682353,0.1923920684085409,0.2116974659767763,0.5959104697690799,6,633,-0.37559326249811653,0.0561277191426033,0,0
2012-10-31,0.0,-1.4,0.7,0.39,0.3,1.5,7,0.0129653725565927,0.0051014270772092,0.0156698338873945,0.0004258943781942,0.0064106338112745,0.0068487950884508,0.0018319240395274,152,46,105,14,50,41,26,29,9,16,98,374,7084,-0.0078639454793835,-0.029784072119004,0.1645386286822317,0.1943227008012357,0.6411386742020422,7,374,-0.0030311647471315812,-0.041874949262603635,0,0
2012-12-19,0.0,-1.2,0.7,0.39,0.3,1.5,11,0.0207949161212868,0.009932197032521,0.0155605596167613,0.0021131633160858,0.0078657876504909,0.0054646668939483,0.0043629858392902,745,295,588,87,207,214,181,157,54,137,263,1625,34131,-0.0108627190887658,-0.0223074231492522,0.1961936841695267,0.218501107318779,0.5853052099545243,11,1625,-0.5203844609797457,0.028051027177896235,0,0
2013-03-14,0.0,-1.4,0.6,0.4,0.29,1.5,9,0.013059624023709,0.0112410199084536,0.0121130726920124,0.0010385213431683,0.0095152469177615,0.0070641133422765,0.0019485540774062,157,89,74,9,57,33,26,24,20,38,72,414,6906,-0.0018186041152554,-0.0140979880280778,0.1853826884313851,0.1994806764594629,0.6151366382551833,9,414,1.0399209513438434,0.10483044656691566,0,0
2013-05-08,0.0,-1.6,0.6,0.39,0.27,1.5,9,0.0177411805586976,0.0086053808167747,0.0136993830696548,0.0009923603468074,0.008923999126923,0.0059222161682156,0.0044428000914933,473,225,415,45,208,186,116,185,56,105,176,1295,25326,-0.0091357997419229,0.0844400265192655,0.2706296607720377,0.1861896342527721,0.5431807062269729,9,1295,-0.22245352894080475,1.0264153586856264,0,0
2013-06-20,0.0,-1.1,0.6,0.39,0.27,1.5,5,0.0189258566131281,0.009425414151128,0.0205662182391219,0.0049591401746574,0.0077820376457883,0.011035872541898,0.0021665343504423,65,31,53,13,31,31,11,39,14,7,8,182,3166,-0.0095004424620001,-0.0615755165280596,0.2351446249672024,0.2967201414952621,0.4681352415450451,5,182,-0.28536228356934246,-0.33920705643399085,0,0
2013-09-19,0.0,-0.1,0.5,0.34,0.22,1.5,7,0.0172074118737487,0.0086759775657999,0.0166271004935903,0.0026486035888832,0.0062569186699633,0.0098655959827775,0.0020700402395049,314,116,333,21,116,162,79,181,40,43,196,915,18204,-0.0085314343079487,0.01401423363948,0.2203234074384998,0.2063091737990199,0.573367419453297,7,915,-0.11818742215056541,0.3677523194498971,0,0
2013-10-24,0.0,-0.8,0.4,0.3,0.17,1.5,7,0.0150259433896413,0.0067877724606843,0.0114360353897483,0.0061906521020262,0.0148606995735551,0.0054990530016962,0.0034915844778598,390,137,435,46,158,205,129,167,41,52,226,1157,22224,-0.0082381709289569,0.0077858197605126,0.1854919967349158,0.1777061769744032,0.6368018224869759,7,1157,-0.06759314744072022,0.3095005646966156,0,0
2013-12-05,0.0,-0.7,0.4,0.3,0.17,1.5,9,0.0180095617594095,0.0095109938930142,0.0152486385008114,0.0023978858879404,0.0064869998305204,0.0048908600972736,0.0025965844889653,687,280,469,169,187,159,206,46,15,101,318,1377,28040,-0.0084985678663953,-0.0605295855285441,0.1415711135662537,0.2021006990947978,0.6563281798898716,9,1377,-0.11251725024432704,-0.32942490045389844,0,0
2014-03-27,0.0,-0.2,0.4,0.29,0.15,1.5,11,0.0159303755738934,0.0092360291588964,0.0121132161103841,0.0033174783713295,0.0095580817618568,0.0069162640121432,0.0021676905240679,417,172,423,69,177,203,86,147,46,61,217,1290,24252,-0.006694346414997,0.0903942439237208,0.2326461234635641,0.1422518795398432,0.6251019954788636,11,1290,0.1987499664919078,1.0821026682851538,0,0
2014-05-08,0.0,0.2,0.4,0.27,0.13,1.5,9,0.012667731803847,0.0091980874278342,0.0152931105802099,0.0011499171754475,0.0068661235423203,0.0087845009796086,0.0029402083751445,373,171,465,47,142,208,78,181,33,55,166,1234,24646,-0.0034696443760128,0.038097076388811,0.2267440288049217,0.1886469524161106,0.5846090146370382,9,1234,0.7550808025433005,0.5929890935077657,0,0
2014-06-19,0.0,-0.2,0.4,0.27,0.13,1.5,6,0.0180287205274794,0.0106904701987224,0.0192402002028414,0.0030360071969466,0.0068244079179922,0.0115023714747374,0.0051436957057317,127,62,88,17,30,49,20,69,16,10,14,319,5561,-0.0073382503287569,-0.0488700136658528,0.233661301537285,0.2825313152031379,0.4838073899722696,6,319,0.08766261691723146,-0.22037779249479186,0,0
2014-09-18,0.0,-0.2,0.5,0.25,0.15,1.5,7,0.0118660618863671,0.0065115359249722,0.0125905349651142,0.0008588931685766,0.008936453887872,0.0068525781670035,0.0042789918897885,234,111,297,27,71,155,47,111,26,41,160,869,17036,-0.0053545259613948,-0.0780550445147846,0.1732157109093197,0.2512707554241043,0.5755135291644926,7,869,0.42989796841585237,-0.4933332017716051,0,0
2014-10-23,0.0,-0.1,0.4,0.23,0.12,1.5,6,0.0180818259648763,0.0049751874173207,0.0189163316081359,0.0034119507558205,0.0072736033747166,0.0115341241383768,0.003942280151268,430,111,429,59,125,182,78,146,23,99,179,1007,19286,-0.0131066385475555,-0.0049397472388082,0.1857981504081287,0.1907378976469369,0.6234639546883779,6,1007,-0.9075090924801814,0.19048364925942488,0,0
2014-12-11,-0.25,-0.1,0.4,0.23,0.12,1.5,8,0.0232104470021503,0.0103825015041177,0.0180652851841035,0.0026131070098332,0.005641351118921,0.006907469291925,0.003270848776426,630,192,475,97,175,155,177,13,35,95,273,1134,22440,-0.0128279454980326,-0.0721726443227984,0.1738582231174027,0.2460308674402012,0.5801109058327614,8,1134,-0.8594285146877515,-0.4383175685778384,-1,-25
2015-03-19,0.0,-0.1,0.2,0.24,0.1,1.25,11,0.0180661759519154,0.0099542458894617,0.0122245550238233,0.0012654335442731,0.007409764988525,0.0048046174105529,0.0042646550006733,510,181,488,38,198,218,124,143,62,88,172,1462,27348,-0.0081119300624537,-0.0791898343565608,0.1730746367390598,0.2522644710956207,0.5746608919908462,11,1462,-0.045813868004502545,-0.5039464174063089,0,0
2015-05-07,0.0,-0.3,0.1,0.23,0.09,1.25,12,0.0217249282954141,0.0069947771530666,0.0152241695303386,0.0021377328754155,0.0078568716092652,0.007391178146206,0.0036718051529089,733,228,592,119,236,240,124,161,77,129,192,1732,32520,-0.0147301511423474,-0.0998530228237637,0.1627000299252919,0.2625530527490556,0.5747469208787934,12,1732,-1.1876001236146612,-0.6972005926108463,0,0
2015-06-18,-0.25,0.0,0.1,0.23,0.09,1.25,3,0.0182669972649382,0.0114305795156859,0.0145098427184906,0.0017921146953405,0.0074658735605887,0.011589901500677,0.0,12,8,9,1,5,7,0,2,1,2,0,42,643,-0.0068364177492523,-0.2368210518085488,0.1634056697381987,0.4002267215467476,0.4363675999818079,3,42,0.17423958903387582,-1.9782053858865338,-1,-25
2015-09-24,-0.25,0.4,0.0,0.2,0.07,1.0,6,0.0187141034160078,0.0046647121318723,0.00966760951304,0.0006998793835312,0.0091156158041882,0.0070443858224276,0.0010548360297555,396,116,460,60,110,243,75,116,50,85,191,1171,23216,-0.0140493912841354,-0.1727358797505217,0.1225644874081154,0.2953003671586372,0.5821351478422027,6,1171,-1.0701543266105416,-1.3788435260955232,-1,-25
2015-11-05,0.0,0.6,0.0,0.18,0.06,0.75,7,0.0190932648566637,0.0085506667664557,0.011334492713039,0.0006596432587516,0.007681361636051,0.0057601417149255,0.00472376357238,497,135,416,48,154,191,101,165,84,97,211,1283,24704,-0.0105425980902079,-0.060531393428228,0.1758857596490032,0.2364171530772312,0.5876970843306465,7,1283,-0.46515666609751727,-0.3294418089848745,0,0
2015-12-17,0.0,0.7,0.0,0.18,0.06,0.75,6,0.024980691275217,0.0071204267147915,0.0158636577493169,0.0008801211859898,0.0052417829489961,0.0065908071227262,0.0050130848112313,642,166,493,87,119,158,263,9,16,105,234,1016,20732,-0.0178602645604254,-0.145454214784326,0.1615121667721619,0.306966381556488,0.5315214528241226,6,1016,-1.7276123770765535,-1.1236895032971062,0,0
2016-03-17,-0.25,0.9,0.0,0.16,0.05,0.75,9,0.0181098190650448,0.0064915177852269,0.0150450060614685,0.0006862213272082,0.0059123467128328,0.0063110792084668,0.0024337231127065,498,162,466,52,174,198,93,147,58,107,227,1374,25699,-0.0116183012798179,-0.0609536004741174,0.1455937913993397,0.2065473918734571,0.647858812311068,9,1374,-0.6507387284350954,-0.33339053522082834,-1,-25
2016-05-12,0.0,0.7,0.1,0.18,0.06,0.5,9,0.0204822893426744,0.0047105571080651,0.0142068495120811,0.0005849709115642,0.0044310700727402,0.0077064738690098,0.0038873613573593,623,139,422,37,132,186,92,130,67,145,203,1305,24928,-0.0157717322346093,-0.1318624443613441,0.106875615942371,0.2387380603037152,0.6543863244719363,9,1305,-1.3672953862678026,-0.9965713488635877,0,0
2016-06-23,0.0,0.7,0.1,0.18,0.06,0.5,12,0.0113894122791146,0.0132032573916947,0.0125360010684158,0.0013012208551667,0.008084893385265,0.0066449593504801,0.0009128374068137,115,100,70,17,52,34,17,22,11,17,13,392,7080,0.0018138451125801,0.0448739277734235,0.1778797457461818,0.1330058179727582,0.6891144366743647,12,392,1.6665969950233819,0.6563701552880294,0,0
2016-09-22,0.0,0.8,0.3,0.2,0.08,0.5,7,0.0182565901523903,0.0088626287176299,0.0172166307512817,0.0022261721458489,0.0083819737858073,0.0109074598117251,0.0014652304721405,391,110,460,44,117,227,53,121,45,96,143,1065,20441,-0.0093939614347603,-0.0149811489504721,0.2314091606528331,0.2463903096033052,0.5222005318306016,7,1065,-0.26699200371347426,0.09657061116440323,0,0
2016-10-27,0.0,0.5,0.4,0.22,0.09,0.5,6,0.0178548736181573,0.0076275096093386,0.0212185984406482,0.0006297391746811,0.0044442995472692,0.0119695084813975,0.0012197379009273,551,185,659,69,152,283,87,188,59,121,206,1419,28563,-0.0102273640088186,-0.0992242395167739,0.1618331487000082,0.2610573882167821,0.5771094675244193,6,1419,-0.4107719701066757,-0.6913198448468907,0,0
2016-12-15,0.0,0.1,0.4,0.22,0.09,0.5,7,0.0216136184986011,0.0075454425130976,0.0221821022970942,0.0008600094517058,0.0053453855745393,0.0106865669989574,0.0030608697441654,769,180,672,88,131,229,260,46,13,139,438,1359,28138,-0.0140681759855034,-0.0299630523480729,0.223644104702039,0.253607157050112,0.5227487389783662,7,1359,-1.0733950938165333,-0.04354887662388816,0,0
2017-03-16,0.0,-0.9,0.5,0.25,0.1,0.5,9,0.014774260939001,0.0087990991887013,0.0150258863122929,0.0012559782055302,0.0059303037804598,0.0072503747340261,0.0005778216208895,472,176,547,46,149,238,49,156,121,83,120,1327,26114,-0.0059751617502997,0.081004885562565,0.2748961392688695,0.1938912537063045,0.5312126035344892,9,1327,0.3228248735529102,0.9942879194304424,0,0
2017-05-04,0.0,-0.8,0.6,0.28,0.13,0.5,7,0.0151311841618574,0.0073293213070063,0.0190575173582907,0.0039405506486818,0.0062944890071056,0.0111599484287408,0.0060290818375681,398,159,429,70,141,190,90,181,60,69,186,1278,24768,-0.007801862854851,0.0567767470476586,0.2211643189256975,0.1643875718780388,0.6144481102695089,7,1278,0.007679430524272411,0.7676922547356543,0,0
2017-06-22,0.0,-0.9,0.6,0.28,0.13,0.5,9,0.0072753007522529,0.0142055836226592,0.0111118607389319,0.0024198178208668,0.0099451070290418,0.0053764021402173,0.0016982200637348,53,58,41,7,50,19,14,25,17,12,1,259,5092,0.0069302828704062,0.1642450143110707,0.2499038034609466,0.0856587891498758,0.6644374032636391,9,259,2.5492931514449997,1.772798092279364,0,0
2017-09-21,0.0,-1.6,0.6,0.28,0.14,0.5,5,0.0191254130512297,0.0010686022480971,0.0240934293031773,0.0007156501187106,0.0093676691800831,0.0169109397404111,0.0008467051114017,369,106,424,28,112,210,41,173,103,54,148,1071,20760,-0.0180568108031325,-0.022197884907723,0.2270253627311581,0.2492232476388811,0.5237513846815569,5,1071,-1.7615208542648662,0.029075492620568882,0,0
2017-10-26,0.0,-1.5,0.6,0.3,0.14,0.5,5,0.0214560765461297,0.004873144858197,0.0241061976271604,0.0012703879207473,0.0091022869853363,0.0115406425662983,0.0028851567239873,341,152,448,32,164,197,62,179,59,58,176,1143,22145,-0.0165829316879326,-0.1362984912498514,0.1747272651374939,0.3110257563873453,0.5142469799300894,5,1143,-1.5072448341907316,-1.0380598434377837,0,0
2017-12-14,0.0,-1.5,0.6,0.3,0.14,0.5,9,0.017057342420303,0.0122259208948015,0.0188740208766962,0.0039673105584777,0.0061644953498889,0.0066949425097676,0.0070258826588703,850,326,765,171,254,280,412,81,30,93,464,1691,36840,-0.0048314215255014,-0.0970185557097457,0.134663383930665,0.2316819396404108,0.6336546733782744,9,1691,0.5201447957644159,-0.6706910050351742,0,0
2018-01-25,0.0,-1.1,0.7,0.32,0.14,0.5,4,0.0167738720380908,0.0026746821570165,0.0218156862022674,0.0002767445979454,0.0073390616601348,0.0111357675643149,0.0016230526848238,433,144,494,25,145,226,50,188,98,78,165,1203,23469,-0.0140991898810743,-0.0791677429606911,0.1813053973673018,0.260473140327993,0.5582214550510314,4,1203,-1.0787456614794,-0.503739805803521,0,0
2018-03-15,0.0,-0.6,0.7,0.32,0.14,0.5,7,0.0088564475653818,0.0117771727510537,0.0084100557765995,0.0042137718396711,0.0069556167790857,0.0043568085784396,0.0031326199544566,141,67,58,7,26,31,14,42,16,37,9,329,5400,0.0029207251856718,0.1465480873457316,0.2661540719348622,0.1196059845891305,0.6142399325042412,7,329,1.8575577439630608,1.6072861225381088,0,0
2018-05-03,0.0,-0.8,0.7,0.34,0.18,0.5,8,0.017999042966404,0.00848569456702,0.0158043312989154,0.0045647865272518,0.007800680114489,0.0075666982133918,0.0023061521391156,533,306,563,139,253,290,107,382,123,99,163,1835,34811,-0.009513348399384,0.0402156127770159,0.2300004759628398,0.1897848631858238,0.580214660823559,8,1835,-0.28758883685954156,0.612802879893791,0,0
2018-06-21,0.0,-0.8,0.7,0.34,0.18,0.5,5,0.0123726253929359,0.0119742320221846,0.022174660715448,0.0035147949175036,0.0061299688309139,0.0083232534733348,0.0035822602936617,42,42,53,12,22,22,11,34,17,6,1,140,2729,-0.0003983933707513,0.0958004567007963,0.2999331113700568,0.2041326546692605,0.4959342432695681,5,140,1.2849380168920221,1.1326647193873953,0,0
2018-08-16,0.0,-0.6,0.7,0.34,0.2,0.5,4,0.0096319203914453,0.0047949528873048,0.0271496315329121,0.0004728132387706,0.0057140641710675,0.0132478827098914,0.0018365495629226,328,161,457,40,122,229,58,252,102,41,144,1123,21893,-0.0048369675041405,0.0659687430235261,0.2741954989369386,0.2082267559134124,0.5175777436318354,4,1123,0.5191879945171335,0.8536611555961982,0,0
2018-09-20,0.25,-0.1,0.7,0.34,0.2,0.5,3,0.0045045045045045,0.0114757614757614,0.0128191856452726,0.0,0.0019841269841269,0.0048826777087646,0.0,3,7,6,0,1,2,0,4,0,0,0,29,505,0.0069712569712569,0.2816944471501539,0.387319316212772,0.105624869062618,0.5070558186817852,3,29,2.5563620699085194,2.8712536044857155,1,25
2018-10-25,0.0,-0.1,0.7,0.35,0.21,0.75,8,0.0131392088271785,0.007401398178882,0.020028355602421,0.0012717994044742,0.0068782016241358,0.0111331607544633,0.0018163225556595,416,207,475,48,166,246,64,269,91,59,134,1425,26585,-0.0057378106482965,-0.0293019940683947,0.1698150426757842,0.199117036744179,0.6310679147095377,8,1425,0.3637730713767174,-0.037366274514629344,0,0
2018-12-13,0.0,0.2,0.7,0.35,0.21,0.75,8,0.0155480344407396,0.0069925405912641,0.0169392251276441,0.0018123024923468,0.0064642378001518,0.0059361223917486,0.0050546188374578,982,261,698,181,184,226,333,25,2,138,461,1533,31733,-0.0085554938494754,0.0276438507888099,0.2115609646065193,0.1839171138177094,0.6045219219273897,8,1533,-0.12233821335258872,0.49522443851458475,0,0
2019-01-24,0.0,0.1,0.7,0.38,0.2,0.75,4,0.016416579436058,0.0092078440692167,0.0245838422805044,0.0037633867762832,0.005420738871887,0.0120934128969809,0.0035149670651535,432,167,449,48,144,200,52,238,85,61,169,1251,23843,-0.0072087353668412,-0.0680726408081819,0.2166380115128697,0.2847106523210516,0.4986513252107988,4,1251,0.11000674861456594,-0.3999719473872588,0,0
2019-03-21,0.25,0.6,0.7,0.38,0.2,0.75,6,0.0167877316707078,0.009224326217999,0.009875758762869,0.0004759185227489,0.0027872408466955,0.0009518370454978,0.0010829992795185,68,63,52,10,34,20,7,4,10,10,0,281,4617,-0.0075634054527088,0.0286968710124257,0.1916749077862775,0.1629780367738517,0.6453470542924173,6,281,0.0488184890458474,0.505072897048057,1,25
2019-05-09,0.0,0.7,0.8,0.4,0.22,1.0,9,0.0134516478939118,0.0120793075430331,0.0181937106947709,0.0028481993353003,0.0066307582849501,0.0091032303568546,0.0032808769837868,529,309,494,53,152,234,78,242,97,64,163,1643,29540,-0.0013723403508786,0.1336456985512725,0.2938404516543649,0.1601947531030924,0.5459647904320242,9,1643,1.116911101172816,1.4866154666710771,0,0
2019-06-20,0.25,0.3,0.8,0.4,0.22,1.0,4,0.0093800933480748,0.021442881781982,0.0193021400179332,0.0004725897920604,0.0071908831859254,0.0044988694910856,0.0009613884515871,31,38,41,3,13,15,2,24,13,5,1,130,2211,0.0120627884339072,0.2333221935560596,0.3851650025409881,0.1518428089849284,0.4629921886467653,4,130,3.434761351812558,2.418848111212061,1,25
2019-08-15,0.0,0.2,0.7,0.42,0.23,1.25,4,0.013948494932976,0.0060141122291181,0.0262556353327064,0.0029160625678863,0.0032236110461652,0.0157638241736617,0.0018547626908593,397,156,520,37,93,239,52,217,118,48,131,1186,21913,-0.0079343827038578,0.0522573423237244,0.2565717927468889,0.2043144504231645,0.539113757581028,4,1186,-0.015183109177095349,0.7254241491271869,0,0
2019-09-19,0.25,0.1,0.7,0.42,0.23,1.25,4,0.0157053172146051,0.0044670499778858,0.0187945353580028,0.0007309941520467,0.0007309941520467,0.0057748538011695,0.0013157894736842,15,4,16,1,1,5,1,4,1,2,0,54,998,-0.0112382672367192,-0.1269116418690301,0.2209851363977848,0.347896778266815,0.4311180865529003,4,54,-0.5851746377472962,-0.9502685600286841,1,25
2019-10-24,0.0,0.2,0.5,0.42,0.24,1.5,6,0.0156261326632617,0.0051307088832771,0.0245457927244323,0.0028127705654089,0.0043343094916659,0.0114689400039243,0.0051616718060159,445,159,527,34,131,236,80,247,96,51,141,1330,24568,-0.0104954237799845,-0.0308602846115111,0.1842352732252275,0.2150955578367387,0.6006691748944691,6,1330,-0.45701807743740064,-0.051940315404638976,0,0
2019-12-19,0.0,0.0,0.5,0.42,0.24,1.5,8,0.021380314082937,0.0095581860435685,0.0214605854561925,0.0025250750641859,0.0069122550383169,0.007786466338511,0.0046637858470118,860,247,851,106,150,249,214,22,6,99,323,1376,26824,-0.0118221280393684,-0.1038460777594362,0.1580770125278418,0.2619230902872781,0.5799998984179691,8,1376,-0.6859032522203986,-0.7345459683917728,0,0
2020-01-23,0.0,-0.2,0.4,0.42,0.25,1.5,3,0.0187117372157553,0.0065126140436931,0.0262646883267786,0.0004130524576621,0.0091306552894242,0.0141579639373381,0.0022474133227265,388,146,414,25,132,186,54,202,100,41,91,1090,20655,-0.0121991231720621,-0.1145111031962263,0.1932979126992779,0.3078090158955043,0.4988930790226105,3,1090,-0.750943065146761,-0.8342914988356172,0,0
2020-03-13,-0.5,0.1,0.4,0.42,0.25,1.5,6,0.0131431228281476,0.0080988140317048,0.0138665823095766,0.0008230889550542,0.0127955129936104,0.0067996910911541,0.001952597514518,110,53,79,7,52,38,22,12,15,33,12,312,5733,-0.0050443087964428,0.004798568218465,0.2008184084601041,0.1960198402416391,0.6031617496266191,6,312,0.483417137830216,0.28156204815047875,-1,-50
2020-03-20,-0.75,0.1,0.4,0.42,0.25,1.0,6,0.0168409489849119,0.003026748838348,0.0059437221082486,0.0003053621595211,0.0109783380068922,0.0020559162749387,0.0053704761984336,111,17,60,5,27,23,18,38,15,20,23,202,3708,-0.0138142001465639,-0.1434987100824316,0.133127752364024,0.2766264624464556,0.5902457864889873,6,202,-1.0295787693605303,-1.105400484210191,-1,-75
2020-05-07,-0.25,0.1,0.2,0.28,0.14,0.25,12,0.0092193235082051,0.0037092099856837,0.0115910460574488,0.0,0.0167251159259631,0.0060287576815593,0.0006944926731022,36,15,30,0,30,13,3,0,4,7,56,132,2392,-0.0055101135225213,-0.0408020766364902,0.0823941744925117,0.1231962511290019,0.7944095637757114,12,132,0.4030557495335245,-0.14492174568544514,-1,-25
2020-06-18,0.0,1.0,0.2,0.28,0.14,0.0,10,0.014395250699425,0.0052185850259728,0.0145306152599751,0.0013933698877139,0.0138954652315052,0.0090745134544795,0.0027368674920319,382,74,295,21,111,136,72,63,78,75,105,653,12825,-0.0091766656734521,-0.0781277687837861,0.1224511829037237,0.2005789516875099,0.6769698573750382,10,653,-0.229503785857199,-0.4940133614984327,0,0
2020-08-20,0.0,1.5,0.1,0.29,0.11,0.0,9,0.0131564287245574,0.0053060852501346,0.0153082083651811,0.0018506975544784,0.006827493973577,0.007502350288458,0.0058920374778571,471,107,477,34,138,253,55,89,136,91,123,887,18164,-0.0078503434744227,0.0279063928360465,0.2010476346401297,0.1731412418040831,0.6258111142345684,9,887,-0.0006845247474244785,0.4976798846755561,0,0
2020-09-24,0.0,1.7,0.1,0.29,0.11,0.0,3,0.0131554086605482,0.0069785174401681,0.0184714157100265,0.0049875311720698,0.0078196489606987,0.0056659446903349,0.0036552057718653,11,6,15,6,7,4,4,4,2,2,0,47,910,-0.00617689122038,-0.1089923531471971,0.1526522905186564,0.2616446436658536,0.5857030557080528,3,47,0.28802217755519544,-0.782676933611187,0,0
2020-11-05,0.0,1.3,0.1,0.32,0.15,0.0,7,0.0171737411647211,0.0067609599322805,0.0185257187931933,0.0012823356125647,0.0084393777954874,0.008028736318423,0.0031460243821832,498,157,436,42,141,215,107,184,102,102,175,1123,22910,-0.0104127812324406,-0.0004054886831649,0.2442693590992109,0.2446748477823759,0.511055795354569,7,1123,-0.4427604508372703,0.2328906765546456,0,0
2020-12-17,0.0,0.9,0.1,0.32,0.15,0.0,8,0.0187475474538913,0.0089416820165864,0.0190544077306372,0.0019881228316492,0.0084533885095305,0.0062861898955959,0.0051258629421523,824,315,753,122,219,236,272,9,15,89,361,1455,28365,-0.0098058654373049,-0.1207553065497697,0.1465407310010555,0.2672960375508253,0.5861632321940803,8,1455,-0.3380543515949973,-0.8926909259527713,0,0
2021-01-21,0.0,1.0,0.3,0.3,0.15,0.0,5,0.0161617115771356,0.0038061828246639,0.0172127030109391,0.0002904541138356,0.0044060639692289,0.0084016761288345,0.0038430985513935,341,124,366,26,120,163,62,186,89,52,123,892,19067,-0.0123555287524716,0.0206867822507996,0.2192593217160395,0.1985725394652398,0.5821681335629881,5,892,-0.7779264100451102,0.43015788093618335,0,0
2021-03-18,0.0,0.7,0.3,0.3,0.15,0.0,6,0.0160063717491751,0.0095611955203599,0.0134089469209603,0.000674058823043,0.0050461470382683,0.0059319243755929,0.0029155756911455,124,47,86,4,32,40,19,6,19,31,11,324,5752,-0.0064451762288151,0.0122864769443624,0.261447691478976,0.2491612145346136,0.4893910963141725,6,324,0.24173721192476766,0.35159333238945206,0,0
2021-05-06,0.0,0.7,0.8,0.34,0.17,0.0,5,0.0184743765410389,0.0082741436198216,0.0207468341553996,0.0002674885154387,0.0080881879429261,0.007760675481451,0.0057067860388849,342,139,374,23,123,160,89,152,71,48,128,888,19225,-0.0102002329212173,0.0367813447756695,0.2812202506772631,0.2444389059015936,0.4743408448286928,5,888,-0.40609127078446206,0.5806836050255898,0,0
2021-06-17,0.0,-0.5,0.8,0.34,0.17,0.0,4,0.015787927805298,0.0135522663897467,0.0124751051080393,0.0006179094277715,0.0097054941997315,0.0037496497258212,0.0076614823842854,65,38,40,2,23,16,15,32,11,12,7,159,2971,-0.0022356614155512,0.1508245123179601,0.4036323225712773,0.2528078102533171,0.3435598634878845,4,159,0.9679695481599426,1.64728173996878,0,0
2021-08-19,0.0,-0.9,0.9,0.43,0.26,0.0,5,0.0121404517473149,0.0053471795332761,0.0168611615323946,0.0002449604490941,0.0041735629450926,0.0086101818210814,0.0057893526438794,328,145,368,24,130,169,125,182,74,50,106,1015,20863,-0.0067932722140388,-0.0053755972191353,0.230761341815071,0.2361369390342064,0.5331017196280486,5,1015,0.18168312688234395,0.1864073263533681,0,0
2021-09-23,0.25,-1.0,0.9,0.43,0.26,0.0,5,0.0113334624239004,0.0078607230420701,0.0140590701495082,0.003076923076923,0.0078262646444464,0.0046372139400872,0.0068983191404293,12,8,17,3,9,6,8,4,5,4,7,57,1042,-0.0034727393818302,0.0614083734803717,0.1978398916323231,0.1364315181519514,0.6657285911888684,5,57,0.754546847110159,0.8110099231356787,1,25
2021-11-04,0.0,-0.8,0.6,0.52,0.38,0.25,7,0.0180661102509677,0.0078869756508457,0.0201189728556313,0.0006264937256712,0.0097262809920977,0.0086106273099604,0.0061374012793846,516,220,489,42,196,219,134,247,176,51,142,1246,25720,-0.010179134600122,0.0502686434867344,0.2284003311705836,0.1781316876838491,0.5934679807332908,7,1246,-0.40245135414338024,0.7068246791527086,0,0
2021-12-16,0.25,-0.7,0.6,0.52,0.38,0.25,6,0.0224205117647173,0.0104212788599752,0.0202855951089886,0.0032926597777361,0.0088269729675132,0.0073468081224721,0.0076265182319195,737,316,648,127,157,170,325,20,4,64,224,1309,26430,-0.0119992329047421,-0.1822520381190558,0.1777198957493894,0.3599719338684453,0.4623081714402393,6,1309,-0.7164576713980404,-1.4678441824824005,1,25
2022-01-20,0.0,-0.2,0.7,0.58,0.42,0.5,4,0.0224004298949288,0.0041149819937453,0.0154044693875461,0.0002734944780162,0.0085187012245337,0.0086161289637028,0.001643239675394,390,122,338,21,136,148,74,232,69,35,118,955,20067,-0.0182854479011835,-0.0421709255542706,0.2638373507754298,0.3060082763297004,0.4301543704707699,4,955,-1.8009656979661912,-0.1577240181423388,0,0
2022-03-24,0.25,0.1,0.7,0.58,0.42,0.5,6,0.0167884005810631,0.0101420666662739,0.0151781562508723,0.0003043213633597,0.007989864324406,0.0057757187527187,0.0053615417310602,126,44,83,6,34,28,21,50,33,11,6,301,5217,-0.0066463339147892,-0.0538485907359367,0.1723230583477487,0.2261716490836855,0.6015052886234926,6,301,0.2070331610502295,-0.2669403453601642,1,25
2022-05-05,0.0,0.1,0.5,0.6,0.45,0.75,9,0.0136166839604724,0.0080322372342555,0.0193751542380272,0.000471227266936,0.0094616921009816,0.0092192555008546,0.003815273569405,414,198,481,32,164,209,80,446,108,30,114,1265,24164,-0.0055844467262169,0.0905695324537854,0.2957159615268875,0.205146429073102,0.4991376088850892,9,1265,0.3902316644371607,1.0837420687268726,0,0
2022-06-23,0.5,1.4,0.5,0.6,0.45,0.75,3,0.0212317429164746,0.0161133165816693,0.0201884810007384,0.0040414628464942,0.0091598891812995,0.0099516283311278,0.0043792219892848,16,12,16,3,7,8,3,9,2,0,0,45,764,-0.0051184263348053,-0.1894320869525714,0.2261415205192694,0.4155736074718408,0.3582848816165029,3,45,0.47063025966758426,-1.534996181674188,1,50
2022-08-18,0.5,2.5,0.1,0.59,0.44,1.25,5,0.0139355682279028,0.010020079236889,0.0264204656511003,0.0019834726362987,0.0044741919465968,0.0116568681480132,0.0069220201146611,426,142,524,29,151,228,89,390,100,42,128,1418,27336,-0.0039154889910138,0.0671167758030517,0.2729696739864022,0.2058528981833505,0.5211774255105318,5,1418,0.6781629650457776,0.8643982268989711,1,50
2022-09-22,0.5,2.7,0.1,0.59,0.44,1.75,3,0.0195712941649913,0.0056860720278817,0.0146486812099307,0.0,0.011806003757727,0.0069969737389383,0.006806108970733,29,22,35,0,26,20,13,44,7,4,2,117,1966,-0.0138852221371096,-0.3475255251859067,0.1756630496362915,0.5231885748221982,0.3011483784900592,3,117,-1.0418315985834032,-3.0135781081530517,1,50
2022-11-03,0.25,3.3,-0.2,0.49,0.38,2.25,10,0.0127922220048224,0.0063165681335751,0.0168550788312304,0.0012636235720129,0.0107586327273517,0.0081391359847552,0.0030239594501919,477,187,450,37,173,205,72,459,117,67,126,1399,25666,-0.0064756538712473,-0.0977338935805821,0.1704500778886576,0.2681839714692398,0.5613659492124412,10,1399,0.23647915952482496,-0.6773812614997309,1,25
2022-12-15,0.25,3.7,-0.2,0.49,0.38,2.5,5,0.0303061605209865,0.0106091418715753,0.0271739186970383,0.0014922280849848,0.0043284362949963,0.0126563225997544,0.0051195302154537,746,199,525,69,94,167,174,48,10,111,192,1104,22338,-0.0196970186494111,-0.2526830962108214,0.1781710852065293,0.4308541814173507,0.3909747342540443,5,1104,-2.044492177316366,-2.1265564650476434,1,25
2023-01-19,0.0,3.8,-0.3,0.44,0.35,2.75,5,0.0228945041323713,0.0092647922348156,0.0261179289031104,0.0013601833047218,0.0098770118250385,0.0160943001153493,0.0054329213239432,481,134,445,30,126,219,58,313,80,78,156,1128,21247,-0.0136297118975556,-0.1425429786531725,0.2187317684379198,0.3612747470910923,0.4199934888137601,5,1128,-0.9977505568399168,-1.0964619271539227,0,0
2023-03-23,0.25,3.9,-0.3,0.44,0.35,2.75,6,0.0170446919368588,0.0145035454152352,0.0177730891363607,0.0005336720194764,0.0098563050659659,0.0126433798642442,0.003188264330888,104,63,84,5,41,51,26,112,20,6,1,340,5659,-0.0025411465216236,-0.0617450065735118,0.214075225008341,0.2758202315818529,0.5101045429431045,6,340,0.9152667612332963,-0.3407922260698983,1,25
2023-05-04,0.25,4.2,0.0,0.41,0.28,3.0,5,0.0170855110568185,0.0086646249309751,0.0214137112655932,0.0013399703481573,0.0097855077307466,0.0125344793527587,0.0029750791056109,408,137,368,26,149,156,49,344,99,41,87,1154,21389,-0.0084208861258433,-0.0675457319316305,0.2351952713867096,0.3027410033183402,0.4620637273825848,5,1154,-0.09911547012797409,-0.3950439886403543,1,25
2023-06-22,0.5,4.7,0.0,0.41,0.28,3.25,7,0.0250428332096759,0.0154878045174642,0.0198010898524936,0.0025989355472079,0.0080018618035524,0.0102347069357041,0.0043793851486853,489,182,419,40,80,151,111,80,24,40,148,865,16912,-0.0095550286922116,0.0451261862705341,0.3075771294793818,0.2624509432088477,0.4299719354179611,7,865,-0.2947795887105097,0.6587294236978791,1,50
2023-08-17,0.25,4.4,0.3,0.39,0.27,3.75,5,0.0182744942589635,0.0048271891850289,0.0220943853579448,0.000258725394634,0.0070813236711829,0.0104972001643945,0.0029375944974742,347,107,359,11,92,193,29,336,61,47,76,1050,19934,-0.0134473050739346,-0.1131967949290198,0.1803864539129698,0.2935832488419897,0.5260302944899282,5,1050,-0.9662814352095299,-0.8219993223137485,1,25
2023-09-21,0.25,4.3,0.3,0.39,0.27,4.0,3,0.0281686794087147,0.0070506726028185,0.0179828540477579,0.0002489419965148,0.0090252030736573,0.0133205082135332,0.0046117992359475,44,11,32,1,19,19,7,42,7,6,0,103,1735,-0.0211180068058962,-0.1109401862994676,0.2375621660786723,0.34850235237814,0.413935478437885,3,103,-2.2896433632428357,-0.8008942038972109,1,25
2023-11-02,0.0,3.7,0.1,0.37,0.27,4.25,5,0.0210200464896342,0.0047394206218176,0.0213056303054694,0.0022006750910884,0.0094513048517112,0.0105919443360803,0.0062163787682932,266,84,282,21,102,116,33,247,52,32,103,885,16740,-0.0162806258678165,-0.1367187028373813,0.173606989966465,0.3103256928038464,0.5160673116421846,5,885,-1.4550905428437488,-1.0419899069847707,0,0
2023-12-14,0.25,3.8,0.1,0.37,0.27,4.25,8,0.0240782312026629,0.0082770977644833,0.015959868406195,0.0005133737600395,0.0083369033741591,0.0086721478037702,0.0029842971957115,509,168,457,16,159,212,80,142,33,54,132,1097,21262,-0.0158011334381796,-0.1275681253636607,0.2147595361120174,0.3423276614756782,0.4429128058370217,8,1097,-1.3723677296860284,-0.9564083760832875,1,25
2024-01-25,0.0,3.5,-0.3,0.31,0.21,4.5,4,0.0174994789292069,0.0064153480215593,0.0257262656714129,0.0004336698825294,0.0079362277970202,0.0124800109630369,0.0012453199543304,250,67,247,9,82,112,10,254,59,27,69,738,14275,-0.0110841309076475,-0.2215594067807205,0.1666686147108412,0.3882280214915619,0.44510336513631,4,738,-0.5585827877773798,-1.8354695914180903,0,0
2024-03-21,0.0,2.9,-0.3,0.31,0.21,4.5,6,0.014775759034418,0.0112372681100903,0.0165673086389526,0.0007648944548322,0.0069746302991944,0.0076744977580779,0.0018682881195052,97,71,98,11,47,50,18,118,27,7,0,344,6018,-0.0035384909243277,-0.0410661460924138,0.2041397172853062,0.2452058633777201,0.5506544238943538,6,344,0.7432032841492767,-0.1473914770621988,0,0
2024-05-03,0.0,2.5,0.0,0.31,0.21,4.5,5,0.0233756344716986,0.006206536269684,0.0219648433371547,0.0024325429613493,0.0073089085360048,0.0111762948407879,0.0057020097681583,356,123,307,22,89,136,37,258,107,50,76,839,16697,-0.0171690982020146,-0.1769742574232986,0.1884189527226365,0.3653932101459352,0.4461878341669355,5,839,-1.6083712337471057,-1.4184833030185229,0,0
2024-06-20,0.0,2.1,0.0,0.31,0.21,4.5,7,0.0234076580120106,0.0114634896679675,0.0256382433620528,0.002137470942389,0.0065636837871194,0.0116430427767945,0.004583764012863,639,177,433,43,110,177,114,88,33,47,171,907,17989,-0.011944168344043,-0.0612162759453082,0.2242288944449757,0.285445170390284,0.4903259356660843,7,907,-0.7069578439038443,-0.33584722924034105,0,0
2024-08-15,0.0,1.3,0.3,0.33,0.23,4.5,4,0.0153858465425788,0.0070339110496765,0.016903261858502,0.0002406403566543,0.0090545090087231,0.0105116872856942,0.0005322772685833,311,97,420,19,118,199,25,350,82,31,59,1142,21459,-0.0083519354929023,-0.083985730831324,0.2490459211569941,0.3330316519883182,0.4179224244924728,4,1142,-0.08721999488511332,-0.5488004349296836,0,0
2024-09-19,0.0,1.2,0.3,0.33,0.23,4.5,5,0.0137390181886152,0.0083912270447948,0.0158395037841012,0.0029741156676141,0.0088269315864147,0.0068394826261387,0.0025501157507906,67,37,60,6,29,30,15,42,8,5,23,225,4587,-0.0053477911438204,-0.0681508184832756,0.1956569293313946,0.2638077478146703,0.5405353196905656,5,225,0.4310598700881693,-0.4007031105445625,0,0
2024-11-07,0.0,1.1,0.2,0.34,0.24,4.5,6,0.0167407096822098,0.0059206707632225,0.0213043231286483,0.0029322318846658,0.0077358379462241,0.0105135971897786,0.0053819771982949,364,114,440,33,137,193,66,311,81,53,81,1178,23561,-0.0108200389189872,-0.1041657213378818,0.1761417490727926,0.2803074704106745,0.5435507793443183,6,1178,-0.513021208732346,-0.7375354613352251,0,0
2024-12-19,0.0,1.0,0.2,0.34,0.24,4.5,7,0.017420163322211,0.0121191653418409,0.0144504106884687,0.00411402949405,0.01002242051099,0.004558688539625,0.0045833625015187,458,203,384,63,122,158,94,48,26,34,208,870,17459,-0.0053009979803701,0.0131496099103154,0.2335834719098407,0.2204338619995253,0.5459826626333443,7,870,0.4391327026876101,0.3596658546766997,0,0
2025-01-23,0.0,0.7,0.3,0.34,0.24,4.5,4,0.0272977159440046,0.0055374297824838,0.0165743111275361,0.0010828664107192,0.0075434029489346,0.0090910808484334,0.0061740986564056,271,100,364,18,105,199,30,176,67,46,21,888,17062,-0.0217602861615208,-0.162011169996291,0.1556070404631216,0.3176182104594126,0.5267747438310381,4,888,-2.40045044140803,-1.2785397931478426,0,0
2025-03-27,0.0,1.4,0.3,0.34,0.24,4.5,6,0.0138037978342937,0.0132719838040287,0.0125745835840374,0.004565652684021,0.0092499650355557,0.0045244922122931,0.0042818562238347,92,53,79,28,47,41,34,61,19,7,2,339,5962,-0.000531814030265,0.0270909081497367,0.2418604033988483,0.2147694952491116,0.5433700980890678,6,339,1.2619200678981464,0.49005299685546616,0,0
2025-05-08,0.0,1.4,0.4,0.35,0.24,4.5,5,0.0193343228821306,0.0067699621091036,0.0265537727812235,0.0042206537137977,0.0087226048010883,0.0140741989521373,0.007254814507984,325,116,473,48,145,218,77,293,44,35,45,889,18866,-0.012564360773027,-0.1170238371904462,0.2260048239823386,0.3430286611727849,0.430966518035572,5,889,-0.8139544495927531,-0.857792050859915,0,0
2025-06-19,-0.25,0.8,0.4,0.35,0.24,4.5,8,0.0238370779369218,0.0159721688813635,0.0290353854417389,0.0039181744305721,0.0073920200366173,0.0116532103083076,0.0063539503440419,677,218,575,105,104,219,157,77,31,45,131,981,19754,-0.0078649090555583,-0.1107452741887939,0.2010501066171355,0.3117953808059295,0.4871545099070341,8,981,-0.0031974024746627377,-0.7990712722985659,-1,-25
2025-08-14,0.0,1.1,0.4,0.35,0.23,4.25,4,0.0153084635132067,0.0051940486387702,0.0318032454717714,0.0038212526973105,0.0064259149685871,0.0194407086239768,0.0061213251374094,282,73,433,14,70,179,24,200,71,30,28,696,14493,-0.0101144148744365,-0.1833417613148954,0.2146543179640027,0.3979960792788981,0.3873495993893661,4,696,-0.3912858018956527,-1.4780359085922163,0,0
2025-09-18,-0.25,1.1,0.4,0.35,0.23,4.25,3,0.017168930025518,0.0144642654457004,0.0189721596073697,0.0020325203252032,0.0078022640154865,0.0104578373001913,0.0076912770396885,37,13,36,1,17,19,14,32,16,4,0,102,1914,-0.0027046645798175,-0.1608198986691391,0.2014510892249674,0.3622709878941066,0.4362779248027379,3,102,0.887056360109486,-1.267398329760478,-1,-25
2025-11-06,0.0,1.0,0.4,0.35,0.25,4.0,5,0.0184700204891848,0.0074242715907943,0.0305840341616005,0.0020135492378799,0.0097341724017999,0.0157094671759272,0.0049091113033923,270,110,424,22,132,195,40,229,86,41,34,869,17122,-0.0110457488983904,-0.1582439024688675,0.1940719123515618,0.3523158148204294,0.4536122693051064,5,869,-0.5519610611678536,-1.243306112733872,0,0
2025-12-18,0.0,1.0,0.4,0.35,0.25,4.0,9,0.0182288643695861,0.0119526551121233,0.0185894058325707,0.0007350200547156,0.009696059059895,0.0121264959874738,0.005925712383758,549,276,496,61,128,254,110,99,59,43,194,1204,24394,-0.0062762092574628,-0.1027012701895609,0.182586967484767,0.285288237674328,0.5321247988558119,9,1204,0.27088766840139394,-0.723839061128389,0,0
